1,1001,3,中央新幹線,チュウオウシンカンセン,中央新幹線,,
2,1002,3,東海道新幹線,トウカイドウシンカンセン,東海道新幹線,,
3,1003,4,山陽新幹線,サンヨウシンカンセン,山陽新幹線,,
4,1004,2,東北新幹線,トウホクシンカンセン,東北新幹線,,
5,1005,2,上越新幹線,ジョウエツシンカンセン,上越新幹線,,
6,1006,2,上越新幹線(ガーラ湯沢支線),ジョウエツシンカンセン,上越新幹線(ガーラ湯沢支線),,
7,1007,2,山形新幹線,ヤマガタシンカンセン,山形新幹線,,
8,1008,2,秋田新幹線,アキタシンカンセン,秋田新幹線,,
9,1009,2,北陸新幹線,ホクリクシンカンセン,北陸新幹線,,
10,1010,6,九州新幹線,キュウシュウシンカンセン,九州新幹線,,
11,11101,1,JR函館本線(函館〜長万部),ハコダテホンセン,JR函館本線(函館〜長万部),,
12,11102,1,JR函館本線(長万部〜小樽),ハコダテホンセン,JR函館本線(長万部〜小樽),,
13,11103,1,JR函館本線(小樽〜旭川),ハコダテホンセン,JR函館本線(小樽〜旭川),,
14,11104,1,JR室蘭本線(長万部・室蘭〜苫小牧),ムロランホンセン,JR室蘭本線(長万部・室蘭〜苫小牧),,
15,11105,1,JR室蘭本線(苫小牧〜岩見沢),ムロランホンセン,JR室蘭本線(苫小牧〜岩見沢),,
16,11106,1,JR根室本線(滝川〜新得),ネムロホンセン,JR根室本線(滝川〜新得),,
17,11107,1,JR根室本線(新得〜釧路),ネムロホンセン,JR根室本線(新得〜釧路),,
18,11108,1,花咲線,ハナサキセン,JR根室本線(釧路〜根室),,
19,11109,1,JR千歳線,チトセセン,JR千歳線,,
20,11110,1,JR石勝線,セキショウセン,JR石勝線,,
21,11111,1,JR日高本線,ヒダカホンセン,JR日高本線,,
22,11112,1,JR札沼線,サッショウセン,JR札沼線,,
23,11113,1,JR留萌本線,ルモイホンセン,JR留萌本線,,
24,11114,1,JR富良野線,フラノセン,JR富良野線,,
25,11115,1,JR宗谷本線,ソウヤホンセン,JR宗谷本線,,
26,11116,1,JR石北本線,セキホクホンセン,JR石北本線,,
27,11117,1,JR釧網本線,センモウホンセン,JR釧網本線,,
28,11118,1,JR海峡線,カイキョウセン,JR海峡線,,
29,11119,1,JR江差線,エサシセン,JR江差線,,
30,11201,2,JR東北本線(八戸〜青森),トウホクホンセン,JR東北本線(八戸〜青森),,
31,11202,2,JR奥羽本線(新庄〜青森),オウウホンセン,JR奥羽本線(新庄〜青森),,
32,11231,2,JR東北本線(黒磯〜利府・盛岡),トウホクホンセン,JR東北本線(黒磯〜利府・盛岡),,
33,11203,2,はまなすベイライン大湊線,ハマナスベイラインオオミナトセン,JR大湊線,,
34,11204,2,JR五能線,ゴノウセン,JR五能線,,
35,11205,2,JR津軽線,ツガルセン,JR津軽線,,
36,11206,2,JR八戸線,ハチノヘセン,JR八戸線,,
37,11207,2,JR岩泉線,イワイズミセン,JR岩泉線,,
38,11208,2,ドラゴンレール大船渡線,ドラゴンレールオオフナトセン,JR大船渡線,,
39,11209,2,銀河ドリームライン釜石線,ギンガドリームラインカマイシセン,JR釜石線,,
40,11210,2,JR北上線,キタカミセン,JR北上線,,
41,11211,2,JR田沢湖線,タザワコセン,JR田沢湖線,,
42,11212,2,十和田八幡平四季彩ライン,トワダハチマンタイシキサイライン,JR花輪線,,
43,11213,2,JR山田線,ヤマダセン,JR山田線,,
44,11214,2,JR羽越本線,ウエツホンセン,JR羽越本線,,
45,11215,2,JR男鹿線,オガセン,JR男鹿線,,
46,11216,2,山形線,ヤマガタセン,JR奥羽本線(福島〜新庄),,
47,11217,2,JR仙山線,センザンセン,JR仙山線,,
48,11218,2,フルーツライン左沢線,フルーツラインアテラザワセン,JR左沢線,,
49,11219,2,JR米坂線,ヨネサカセン,JR米坂線,,
50,11220,2,奥の細道最上川ライン,オクノホソミチモガミガワライン,JR陸羽西線,,
51,11221,2,奥の細道湯けむりライン,オクノホソミチユケムリライン,JR陸羽東線,,
52,11222,2,JR仙石線,センセキセン,JR仙石線,,
53,11223,2,JR石巻線,イシノマキセン,JR石巻線,,
54,11224,2,JR気仙沼線,ケセンヌマセン,JR気仙沼線,,
55,11225,2,JR磐越西線(郡山〜会津若松),バンエツサイセン,JR磐越西線(郡山〜会津若松),,
56,11226,2,森と水とロマンの鉄道,モリトミズトロマンノテツドウ,JR磐越西線(森と水とロマンの鉄道),,
57,11227,2,JR只見線,タダミセン,JR只見線,,
58,11228,2,ゆうゆうあぶくまライン,ユウユウアブクマライン,JR磐越東線,,
59,11229,2,JR常磐線(取手〜いわき),ジョウバンセン,JR常磐線(取手〜いわき),,
60,11230,2,JR常磐線(いわき〜仙台),ジョウバンセン,JR常磐線(いわき〜仙台),,
61,11301,2,JR東海道本線(東京〜熱海),トウカイドウホンセン,JR東海道本線(東京〜熱海),,
62,11302,2,JR山手線,ヤマノテセン,JR山手線,,
63,11303,2,JR南武線,ナンブセン,JR南武線,,
64,11304,2,JR鶴見線,ツルミセン,JR鶴見線,,
65,11305,2,JR武蔵野線,ムサシノセン,JR武蔵野線,,
66,11306,2,JR横浜線,ヨコハマセン,JR横浜線,,
67,11307,2,JR根岸線,ネギシセン,JR根岸線,,
68,11308,2,JR横須賀線,ヨコスカセン,JR横須賀線,,
69,11309,2,JR相模線,サガミセン,JR相模線,,
70,11311,2,JR中央本線(東京〜塩尻),チュウオウホンセン,JR中央本線(東京〜塩尻),,
71,11312,2,JR中央線(快速),チュウオウセン,JR中央線(快速),,
72,11313,2,JR中央・総武線,チュウオウ・ソウブセン,JR中央・総武緩行線,,
73,11314,2,JR総武本線,ソウブホンセン,JR総武本線,,
74,11315,2,JR青梅線,オウメセン,JR青梅線,,
75,11316,2,JR五日市線,イツカイチセン,JR五日市線,,
76,11317,2,JR八高線(八王子〜高麗川),ハチコウセン,JR八高線(八王子〜高麗川),,
77,11318,2,JR八高線(高麗川〜高崎),ハチコウセン,JR八高線(高麗川〜高崎),,
78,11319,2,宇都宮線,ウツノミヤセン,JR東北本線,,
79,11320,2,JR常磐線(上野〜取手),ジョウバンセン,JR常磐線(上野〜取手),,
80,11321,2,JR埼京線,サイキョウセン,JR埼京線,,
81,11322,2,JR川越線,カワゴエセン,JR川越線,,
82,11323,2,JR高崎線,タカサキセン,JR高崎線,,
83,11324,2,JR外房線,ソトボウセン,JR外房線,,
84,11325,2,JR内房線,ウチボウセン,JR内房線,,
85,11326,2,JR京葉線,ケイヨウセン,JR京葉線,,
86,11327,2,JR成田線,ナリタセン,JR成田線,,
87,11328,2,JR成田エクスプレス,ナリタエクスプレス,JR成田エクスプレス,,
88,11329,2,JR鹿島線,カシマセン,JR鹿島線,,
89,11330,2,JR久留里線,クルリセン,JR久留里線,,
90,11331,2,JR東金線,トウガネセン,JR東金線,,
91,11332,2,JR京浜東北線,ケイヒントウホクセン,JR京浜東北線,,
92,11333,2,JR湘南新宿ライン,ショウナンシンジュクライン,JR湘南新宿ライン,,
93,11343,2,上野東京ライン,ウエノトウキョウライン,上野東京ライン,,
94,11334,2,JR烏山線,カラスヤマセン,JR烏山線,,
95,11335,2,JR吾妻線,アヅマセン,JR吾妻線,,
96,11337,2,JR信越本線,シンエツホンセン,JR信越本線,,
97,11338,2,JR水郡線,スイグンセン,JR水郡線,,
98,11339,2,JR水戸線,ミトセン,JR水戸線,,
99,11340,2,JR日光線,ニッコウセン,JR日光線,,
100,11341,2,JR両毛線,リョウモウセン,JR両毛線,,
101,11342,2,JR上越線,ジョウエツセン,JR上越線,,
102,11401,2,八ヶ岳高原線,ヤツガダケコウゲンセン,JR小海線,,
103,11402,3,JR身延線,ミノブセン,JR身延線,,
104,11403,2,JR信越本線(篠ノ井〜長野),シンエツホンセン,JR信越本線(篠ノ井〜長野),,
105,11404,2,JR信越本線(直江津〜新潟),シンエツホンセン,JR信越本線(直江津〜新潟),,
106,11405,4,JR北陸本線(富山〜直江津),ホクリクホンセン,JR北陸本線(富山〜直江津),,
107,11406,2,JR白新線,ハクシンセン,JR白新線,,
108,11407,2,JR飯山線,イイヤマセン,JR飯山線,,
109,11408,2,JR越後線,エチゴセン,JR越後線,,
110,11409,2,北アルプス線,キタアルプスセン,JR大糸線,,
111,11410,2,JR弥彦線,ヤヒコセン,JR弥彦線,,
112,11411,3,JR中央本線(名古屋〜塩尻),チュウオウホンセン,JR中央本線(名古屋〜塩尻),,
113,11412,2,JR篠ノ井線,シノノイセン,JR篠ノ井線,,
114,11413,3,JR飯田線(豊橋〜天竜峡),イイダセン,JR飯田線(豊橋〜天竜峡),,
115,11414,3,JR飯田線(天竜峡〜辰野),イイダセン,JR飯田線(天竜峡〜辰野),,
116,11415,4,JR北陸本線(米原〜金沢),ホクリクホンセン,JR北陸本線(米原〜金沢),,
117,11416,3,JR高山本線,タカヤマホンセン,JR高山本線,,
118,11417,4,JR城端線,ジョウハナセン,JR城端線,,
119,11418,4,JR氷見線,ヒミセン,JR氷見線,,
120,11419,4,JR七尾線,ナナオセン,JR七尾線,,
121,11420,4,敦賀港線,ツルガコウセン,JR北陸本線(敦賀〜敦賀港),,
122,11421,4,九頭竜線,クズリュウセン,JR越美北線,,
123,11422,4,JR小浜線,オバマセン,JR小浜線,,
124,11501,3,JR東海道本線(熱海〜浜松),トウカイドウホンセン,JR東海道本線(熱海〜浜松),,
125,11502,3,JR東海道本線(浜松〜岐阜),トウカイドウホンセン,JR東海道本線(浜松〜岐阜),,
126,11503,3,JR東海道本線(岐阜〜美濃赤坂・米原),トウカイドウホンセン,JR東海道本線(岐阜〜美濃赤坂・米原),,
127,11504,2,JR伊東線,イトウセン,JR伊東線,,
128,11505,3,JR御殿場線,ゴテンバセン,JR御殿場線,,
129,11506,3,JR武豊線,タケトヨセン,JR武豊線,,
130,11507,3,JR太多線,オオタセン,JR太多線,,
131,11508,3,JR関西本線(名古屋〜亀山),カンサイホンセン,JR関西本線(名古屋〜亀山),,
132,11509,4,JR関西本線(亀山〜加茂),カンサイホンセン,JR関西本線(亀山〜加茂),,
133,11510,3,JR紀勢本線,キセイホンセン,JR紀勢本線,,
134,11511,4,JR草津線,クサツセン,JR草津線,,
135,11512,3,JR参宮線,サングウセン,JR参宮線,,
136,11513,3,JR名松線,メイショウセン,JR名松線,,
137,11601,4,琵琶湖線,ビワコセン,JR東海道本線(米原〜京都),,
138,11602,4,京都線,キョウトセン,JR東海道本線(京都〜大阪),,
139,11603,4,JR神戸線(大阪〜神戸),コウベセン,JR東海道本線(大阪〜神戸),,
140,11605,4,JR湖西線,コセイセン,JR湖西線,,
141,11607,4,大和路線,ヤマトジセン,JR関西本線(加茂〜ＪＲ難波),,
142,11608,4,JR神戸線(神戸〜姫路),コウベセン,JR山陽本線(神戸〜姫路),,
143,11609,4,JR山陽本線(姫路〜岡山),サンヨウホンセン,JR山陽本線(姫路〜岡山),,
144,11610,4,JR山陽本線(岡山〜三原),サンヨウホンセン,JR山陽本線(岡山〜三原),,
145,11611,4,JR山陽本線(三原〜岩国),サンヨウホンセン,JR山陽本線(三原〜岩国),,
146,11612,4,JR山陽本線(岩国〜門司),サンヨウホンセン,JR山陽本線(岩国〜門司),,
147,11613,4,JR山陽本線(兵庫〜和田岬),サンヨウホンセン,JR山陽本線(兵庫〜和田岬),,
148,11614,4,嵯峨野線,サガノセン,JR山陰本線(京都〜園部),,
149,11615,4,JR山陰本線(園部〜豊岡),サンインホンセン,JR山陰本線(園部〜豊岡),,
150,11616,4,JR山陰本線(豊岡〜米子),サンインホンセン,JR山陰本線(豊岡〜米子),,
151,11617,4,学研都市線,ガッケントシセン,JR片町線,,
152,11618,4,奈良線,ナラセン,奈良線,,
153,11622,4,JR舞鶴線,マイヅルセン,JR舞鶴線,,
154,11623,4,大阪環状線,オオサカカンジョウセン,大阪環状線,,
155,11624,4,JRゆめ咲線,ユメサキセン,JR桜島線,,
156,11625,4,JR東西線,トウザイセン,JR東西線,,
157,11626,4,阪和線(天王寺〜和歌山),ハンワセン,阪和線(天王寺〜和歌山),,
158,11627,4,羽衣線,ハゴロモセン,阪和線(鳳〜東羽衣),,
159,11628,4,JR関西空港線,カンサイクウコウセン,JR関西空港線,,
160,11629,4,JR宝塚線,タカラヅカセン,JR福知山線(新大阪〜篠山口),,
161,11630,4,福知山線(篠山口〜福知山),フクチヤマセン,福知山線(篠山口〜福知山),,
162,11631,4,JR赤穂線,アコウセン,JR赤穂線,,
163,11632,4,JR加古川線,カコガワセン,JR加古川線,,
164,11633,4,JR姫新線(姫路〜佐用),キシンセン,JR姫新線(姫路〜佐用),,
165,11634,4,JR姫新線(佐用〜新見),キシンセン,JR姫新線(佐用〜新見),,
166,11635,4,JR播但線,バンタンセン,JR播但線,,
167,11636,4,JR和歌山線,ワカヤマセン,JR和歌山線,,
168,11637,4,万葉まほろば線,マンヨウマホロバセン,桜井線,,
169,11639,4,きのくに線,キノクニセン,JR紀勢本線(新宮〜和歌山),,
170,11640,4,紀勢本線(和歌山〜和歌山市),キセイホンセン,紀勢本線(和歌山〜和歌山市),,
171,11641,4,おおさか東線,オオサカヒガシセン,おおさか東線,,
172,11701,4,JR山陰本線(米子〜益田),サンインホンセン,JR山陰本線(米子〜益田),,
173,11702,4,JR山陰本線(益田〜下関),サンインホンセン,JR山陰本線(益田〜下関),,
174,11703,4,JR伯備線,ハクビセン,JR伯備線,,
175,11704,4,JR因美線,インビセン,JR因美線,,
176,11705,4,JR境線,サカイセン,JR境線,,
177,11706,4,JR木次線,キスキセン,JR木次線,,
178,11707,4,JR三江線,サンコウセン,JR三江線,,
179,11708,4,JR山口線,ヤマグチセン,JR山口線,,
180,11709,4,JR宇野線,ウノセン,JR宇野線,,
181,11710,4,瀬戸大橋線,セトオオハシセン,JR本四備讃線,,
182,11713,4,JR吉備線,キビセン,JR吉備線,,
183,11714,4,JR芸備線,ゲイビセン,JR芸備線,,
184,11715,4,JR津山線,ツヤマセン,JR津山線,,
185,11716,4,JR呉線,クレセン,JR呉線,,
186,11717,4,JR可部線,カベセン,JR可部線,,
187,11720,4,JR福塩線,フクエンセン,JR福塩線,,
188,11721,4,JR宇部線,ウベセン,JR宇部線,,
189,11722,4,JR美祢線,ミネセン,JR美祢線,,
190,11723,4,JR小野田線,オノダセン,JR小野田線,,
191,11724,4,JR岩徳線,ガントクセン,JR岩徳線,,
192,11801,5,JR土讃線,ドサンセン,JR土讃線,,
193,11802,5,JR高徳線,コウトクセン,JR高徳線,,
194,11803,5,よしの川ブルーライン,ヨシノガワブルーライン,JR徳島線,,
195,11804,5,JR牟岐線,ムギセン,JR牟岐線,,
196,11805,5,JR鳴門線,ナルトセン,JR鳴門線,,
197,11806,5,JR予讃線,ヨサンセン,JR予讃線,,
198,11807,5,JR予讃・内子線,ヨサン・ウチコセン,JR予讃・内子線,,
199,11808,5,しまんとグリーンライン,シマントグリーンライン,JR予土線,,
200,11901,4,JR博多南線,ハカタミナミセン,JR博多南線,,
201,11902,6,JR鹿児島本線(下関・門司港〜博多),カゴシマホンセン,JR鹿児島本線(下関・門司港〜博多),,
202,11903,6,JR鹿児島本線(博多〜八代),カゴシマホンセン,JR鹿児島本線(博多〜八代),,
203,11904,6,JR鹿児島本線(川内〜鹿児島),カゴシマホンセン,JR鹿児島本線(川内〜鹿児島),,
204,11905,6,JR長崎本線(鳥栖〜長崎),ナガサキホンセン,JR長崎本線(鳥栖〜長崎),,
205,11906,6,JR日豊本線(門司港〜佐伯),ニッポウホンセン,JR日豊本線(門司港〜佐伯),,
206,11907,6,JR日豊本線(佐伯〜鹿児島中央),ニッポウホンセン,JR日豊本線(佐伯〜鹿児島中央),,
207,11908,6,福北ゆたか線,フクホクユタカセン,JR篠栗線,,
208,11909,6,JR筑肥線(姪浜〜西唐津),チクヒセン,JR筑肥線(姪浜〜西唐津),,
209,11910,6,若松線,チクホウセン,JR筑豊本線(若松〜折尾),,
210,11911,6,福北ゆたか線(折尾〜桂川),フクホクユタカセン,JR筑豊本線(折尾〜桂川),,
211,11912,6,原田線,ハルダセン,JR筑豊本線(桂川〜原田),,
212,11913,6,ゆふ高原線,ユフコウゲンセン,JR久大本線,,
213,11914,6,JR日田彦山線,ヒタヒコサンセン,JR日田彦山線,,
214,11915,6,JR後藤寺線,ゴトウジセン,JR後藤寺線,,
215,11916,6,海の中道線,ウミノナカミチセン,JR香椎線(西戸崎〜香椎),,
216,11917,6,JR香椎線(香椎〜宇美),カシイセン,JR香椎線(香椎〜宇美),,
217,11918,6,JR佐世保線,サセボセン,JR佐世保線,,
218,11920,6,JR筑肥線(西唐津〜伊万里),チクヒセン,JR筑肥線(西唐津〜伊万里),,
219,11921,6,JR唐津線,カラツセン,JR唐津線,,
220,11922,6,JR大村線,オオムラセン,JR大村線,,
221,11923,6,阿蘇高原線,アソコウゲンセン,JR豊肥本線,,
222,11924,6,JR三角線,サンカクセン,JR三角線,,
223,11925,6,えびの高原線(八代〜吉松),エビノハラコウゲンセン,JR肥薩線(八代〜吉松),,
224,11926,6,JR肥薩線(吉松〜隼人),ヒサツセン,JR肥薩線(吉松〜隼人),,
225,11927,6,JR宮崎空港線,ミヤザキクウコウセン,JR宮崎空港線,,
226,11928,6,JR日南線,ニチナンセン,JR日南線,,
227,11929,6,えびの高原線,エビノハラコウゲンセン,JR吉都線,,
228,11930,6,JR指宿枕崎線,イブスキマクラザキセン,JR指宿枕崎線,,
229,21001,11,東武東上線,トウブトウジョウセン,東武東上線,,
230,21002,11,東武伊勢崎線,トウブイセサキセン,東武伊勢崎線,,
231,21003,11,東武日光線,トウブニッコウセン,東武日光線,,
232,21004,11,東武野田線,トウブノダセン,東武野田線,,
233,21005,11,東武亀戸線,トウブカメイドセン,東武亀戸線,,
234,21006,11,東武大師線,トウブダイシセン,東武大師線,,
235,21007,11,東武越生線,トウブオゴセセン,東武越生線,,
236,21008,11,東武宇都宮線,トウブウツノミヤセン,東武宇都宮線,,
237,21009,11,東武鬼怒川線,トウブキドガワセン,東武鬼怒川線,,
238,21010,11,東武佐野線,トウブサノセン,東武佐野線,,
239,21011,11,東武桐生線,トウブキリュウセン,東武桐生線,,
240,21012,11,東武小泉線,トウブコイズミセン,東武小泉線,,
241,22001,12,西武池袋線,セイブイケブクロセン,西武池袋線,,
242,22002,12,西武秩父線,セイブチチブセン,西武秩父線,,
243,22003,12,西武有楽町線,セイブユウラクチョウセン,西武有楽町線,,
244,22004,12,西武豊島線,セイブトシマセン,西武豊島線,,
245,22005,12,西武狭山線,セイブサヤマセン,西武狭山線,,
246,22006,12,レオライナー,レオライナー,西武山口線,,
247,22007,12,西武新宿線,セイブシンジュクセン,西武新宿線,,
248,22008,12,西武拝島線,セイブハイジマセン,西武拝島線,,
249,22009,12,西武西武園線,セイブセイブエンセン,西武西武園線,,
250,22010,12,西武国分寺線,セイブコクブンジセン,西武国分寺線,,
251,22011,12,西武多摩湖線,セイブタマコセン,西武多摩湖線,,
252,22012,12,西武多摩川線,セイブタマガワセン,西武多摩川線,,
253,23001,13,京成本線,ケイセイホンセン,京成本線,,
254,23002,13,京成押上線,ケイセイオシアゲセン,京成押上線,,
255,23003,13,京成金町線,ケイセイカナマチセン,京成金町線,,
256,23004,13,京成千葉線,ケイセイチバセン,京成千葉線,,
257,23005,13,京成千原線,ケイセイチハラセン,京成千原線,,
258,23006,13,成田スカイアクセス,ナリタスカイアクセス,京成成田空港線,,
259,24001,14,京王線,ケイオウセン,京王線,,
260,24002,14,京王相模原線,ケイオウサガミハラセン,京王相模原線,,
261,24003,14,京王高尾線,ケイオウタカオセン,京王高尾線,,
262,24004,14,京王競馬場線,ケイオウケイバジョウセン,京王競馬場線,,
263,24005,14,京王動物園線,ケイオウドウブツエンセン,京王動物園線,,
264,24006,14,京王井の頭線,ケイオウイノガシラセン,京王井の頭線,,
265,24007,14,京王新線,ケイオウシンセン,京王新線,,
266,25001,15,小田急線,オダキュウセン,小田急小田原線,,
267,25002,15,小田急江ノ島線,オダキュウエノシマセン,小田急江ノ島線,,
268,25003,15,小田急多摩線,オダキュウタマセン,小田急多摩線,,
269,26001,16,東急東横線,トウキュウトウヨコセン,東急東横線,,
270,26002,16,東急目黒線,トウキュウメグロセン,東急目黒線,,
271,26003,16,東急田園都市線,トウキュウデンエントシセン,東急田園都市線,,
272,26004,16,東急大井町線,トウキュウオオイマチセン,東急大井町線,,
273,26005,16,東急池上線,トウキュウイケガミセン,東急池上線,,
274,26006,16,東急多摩川線,トウキュウタマガワセン,東急多摩川線,,
275,26007,16,東急世田谷線,トウキュウセタガヤセン,東急世田谷線,,
276,26008,16,東急こどもの国線,トウキュウコドモノクニセン,東急こどもの国線,,
277,27001,17,京急本線,ケイキュウホンセン,京急本線,,
278,27002,17,京急空港線,ケイキュウクウコウセン,京急空港線,,
279,27003,17,京急大師線,ケイキュウダイシセン,京急大師線,,
280,27004,17,京急逗子線,ケイキュウズシセン,京急逗子線,,
281,27005,17,京急久里浜線,ケイキュウクリハマセン,京急久里浜線,,
282,28001,18,東京メトロ銀座線,ギンザセン,東京メトロ銀座線,F7931D,オレンジ
283,28002,18,東京メトロ丸ノ内線,マルノウチセン,東京メトロ丸ノ内線,E60012,レッド
284,28003,18,東京メトロ日比谷線,ヒビヤセン,東京メトロ日比谷線,89A1AD,シルバー
285,28004,18,東京メトロ東西線,トウザイセン,東京メトロ東西線,00A7DB,スカイブルー
286,28005,18,東京メトロ千代田線,チヨダセン,東京メトロ千代田線,9933,グリーン
287,28006,18,東京メトロ有楽町線,ユウラクチョウセン,東京メトロ有楽町線,C5C544,ゴールド
288,28007,18,東京メトロ有楽町新線,ユウラクチョウシンセン,東京メトロ有楽町新線,BB6633,ブラウン
289,28008,18,東京メトロ半蔵門線,ハンゾウモンセン,東京メトロ半蔵門線,A757A8,パープル
290,28009,18,東京メトロ南北線,ナンボクセン,東京メトロ南北線,00ADA9,エメラルド
291,28010,18,東京メトロ副都心線,フクトシンセン,東京メトロ副都心線,BB6633,ブラウン
292,29001,19,相鉄本線,ソウテツホンセン,相鉄本線,,
293,29002,19,相鉄いずみ野線,ソウテツイズミノセン,相鉄いずみ野線,,
294,30001,20,名鉄名古屋本線,メイテツナゴヤホンセン,名鉄名古屋本線,,
295,30002,20,名鉄豊川線,メイテツトヨカワセン,名鉄豊川線,,
296,30003,20,名鉄西尾線,メイテツニシオセン,名鉄西尾線,,
297,30004,20,名鉄蒲郡線,メイテツガマゴオリセン,名鉄蒲郡線,,
298,30005,20,名鉄三河線,メイテツミカワセン,名鉄三河線,,
299,30006,20,名鉄豊田線,メイテツトヨタセン,名鉄豊田線,,
300,30007,20,名鉄空港線,メイテツクウコウセン,名鉄空港線,,
301,30008,20,名鉄常滑線,メイテツトコナメセン,名鉄常滑線,,
302,30009,20,名鉄河和線,メイテツコウワセン,名鉄河和線,,
303,30010,20,名鉄知多新線,メイテツチタシンセン,名鉄知多新線,,
304,30011,20,名鉄築港線,メイテツチッコウセン,名鉄築港線,,
305,30012,20,名鉄瀬戸線,メイテツセトセン,名鉄瀬戸線,,
306,30013,20,名鉄津島線,メイテツツシマセン,名鉄津島線,,
307,30014,20,名鉄尾西線,メイテツビサイセン,名鉄尾西線,,
308,30015,20,名鉄犬山線,メイテツイヌヤマセン,名鉄犬山線,,
309,30016,20,名鉄各務原線,メイテツカカミガハラセン,名鉄各務原線,,
310,30017,20,名鉄広見線,メイテツヒロミセン,名鉄広見線,,
311,30018,20,名鉄小牧線,メイテツコマキセン,名鉄小牧線,,
312,30019,20,犬山モノレール,イヌヤマモノレール,名鉄モンキーパークモノレール線,,
313,30020,20,名鉄竹鼻線,メイテツタケハナセン,名鉄竹鼻線,,
314,30021,20,名鉄羽島線,メイテツハシマセン,名鉄羽島線,,
315,31001,21,近鉄難波線,キンテツナンバセン,近鉄難波線,,
316,31002,21,近鉄橿原線,キンテツカシハラセン,近鉄橿原線,,
317,31003,21,近鉄南大阪線,キンテツミナミオオサカセン,近鉄南大阪線,,
318,31004,21,近鉄養老線,キンテツヨウロウセン,近鉄養老線,,
319,31005,21,近鉄大阪線,キンテツオオサカセン,近鉄大阪線,,
320,31006,21,近鉄伊賀線,キンテツイガセン,近鉄伊賀線,,
321,31007,21,近鉄吉野線,キンテツヨシノセン,近鉄吉野線,,
322,31008,21,近鉄湯の山線,キンテツユノヤマセン,近鉄湯の山線,,
323,31009,21,近鉄山田線,キンテツヤマダセン,近鉄山田線,,
324,31010,21,近鉄鳥羽線,キンテツトバセン,近鉄鳥羽線,,
325,31011,21,近鉄天理線,キンテツテンリセン,近鉄天理線,,
326,31012,21,近鉄道明寺線,キンテツドウミョウジセン,近鉄道明寺線,,
327,31013,247,内部線,ウツベセン,内部線,,
328,31014,247,八王子線,ハチオウジセン,八王子線,,
329,31015,21,近鉄志摩線,キンテツシマセン,近鉄志摩線,,
330,31016,21,近鉄生駒線,キンテツイコマセン,近鉄生駒線,,
331,31017,21,近鉄田原本線,キンテツタワラモトセン,近鉄田原本線,,
332,31018,21,近鉄御所線,キンテツゴセセン,近鉄御所線,,
333,31019,21,近鉄鈴鹿線,キンテツスズカセン,近鉄鈴鹿線,,
334,31020,21,近鉄奈良線,キンテツナラセン,近鉄奈良線,,
335,31021,21,近鉄信貴線,キンテツシギセン,近鉄信貴線,,
336,31022,21,近鉄長野線,キンテツナガノセン,近鉄長野線,,
337,31023,21,近鉄けいはんな線,キンテツケイハンナセン,近鉄けいはんな線,,
338,31024,21,西信貴ケーブル,ニシシギケーブル,近鉄西信貴鋼索線,,
339,31025,21,近鉄京都線,キンテツキョウトセン,近鉄京都線,,
340,31026,21,生駒ケーブル,イコマケーブル,近鉄生駒鋼索線,,
341,31027,21,近鉄名古屋線,キンテツナゴヤセン,近鉄名古屋線,,
342,32001,22,南海本線,ナンカイホンセン,南海本線,,
343,32002,22,南海空港線,ナンカイクウコウセン,南海空港線,,
344,32003,22,南海和歌山港線,ナンカイワカヤマセン,南海和歌山港線,,
345,32004,22,南海高師浜線,ナンカイタカシノハマセン,南海高師浜線,,
346,32005,22,南海加太線,ナンカイカダセン,南海加太線,,
347,32006,22,南海多奈川線,ナンカイタナガワセン,南海多奈川線,,
348,32007,22,南海高野線,ナンカイコウヤセン,南海高野線,,
349,32008,22,南海高野山ケーブル,ナンカイコウヤサンケーブル,南海高野山ケーブル,,
350,32009,22,南海汐見橋線,ナンカイシオミバシセン,南海汐見橋線,,
351,33001,23,京阪本線,ケイハンホンセン,京阪本線,,
352,33002,23,京阪宇治線,ケイハンウジセン,京阪宇治線,,
353,33003,23,京阪交野線,ケイハンカタノセン,京阪交野線,,
354,33004,23,京阪鴨東線,ケイハンオウトウセン,京阪鴨東線,,
355,33005,23,男山ケーブル,オトコヤマケーブル,京阪鋼索線,,
356,33006,23,京阪石山坂本線,ケイハンイシヤマサカモトセン,京阪石山坂本線,,
357,33007,23,京阪京津線,ケイハンケイシンセン,京阪京津線,,
358,33008,23,京阪中之島線,ケイハンナカノシマセン,京阪中之島線,,
359,34001,24,阪急神戸本線,ハンキュウコウベホンセン,阪急神戸本線,,
360,34002,24,阪急宝塚本線,ハンキュウタカラヅカホンセン,阪急宝塚本線,,
361,34003,24,阪急京都本線,ハンキュウキョウトホンセン,阪急京都本線,,
362,34004,24,阪急今津線,ハンキュウイマヅセン,阪急今津線,,
363,34005,24,阪急甲陽線,ハンキュウコウヨウセン,阪急甲陽線,,
364,34006,24,阪急伊丹線,ハンキュウイタミセン,阪急伊丹線,,
365,34007,24,阪急箕面線,ハンキュウミノオセン,阪急箕面線,,
366,34008,24,阪急千里線,ハンキュウセンリセン,阪急千里線,,
367,34009,24,阪急嵐山線,ハンキュウアラシヤマセン,阪急嵐山線,,
368,35001,25,阪神本線,ハンシンホンセン,阪神本線,,
369,35002,25,阪神なんば線,ハンシンナンバセン,阪神なんば線,,
370,35003,25,阪神武庫川線,ハンシンムコガワセン,阪神武庫川線,,
371,36001,26,西鉄天神大牟田線,ニシテツテンジンオオムタセン,西鉄天神大牟田線,,
372,36002,26,西鉄太宰府線,ニシテツダザイフセン,西鉄太宰府線,,
373,36003,26,西鉄甘木線,ニシテツアマギセン,西鉄甘木線,,
374,36004,26,西鉄貝塚線,ニシテツカイヅカセン,西鉄貝塚線,,
375,99101,101,札幌市営地下鉄東西線,サッポロシエイチカテツトウザイセン,札幌市営地下鉄東西線,,
376,99102,101,札幌市営地下鉄南北線,サッポロシエイチカテツトナンボクセン,札幌市営地下鉄南北線,,
377,99103,101,札幌市営地下鉄東豊線,サッポロシエイチカテツトウホウセン,札幌市営地下鉄東豊線,,
378,99104,101,札幌市電山鼻線,サッポロシデンヤマハナセン,札幌市電山鼻線,,
379,99105,102,函館市電２系統,ハコダテシデンニケイトウ,函館市電２系統,,
380,99106,102,函館市電５系統,ハコダテシデンゴケイトウ,函館市電５系統,,
381,99107,103,ふるさと銀河線,フルサトギンガセン,北海道ちほく高原鉄道ふるさと銀河線,,
382,99201,104,津軽鉄道線,ツガルテツドウセン,津軽鉄道線,,
383,99202,105,弘南鉄道弘南線,コウナンテツドウコウナンセン,弘南鉄道弘南線,,
384,99203,105,弘南鉄道大鰐線,コウナンテツドウオオワニセン,弘南鉄道大鰐線,,
385,99204,106,十和田観光電鉄,トワダカンコウデンテツ,十和田観光電鉄,,
386,99205,107,いわて銀河鉄道線,イワテギンガテツドウセン,いわて銀河鉄道線,,
387,99206,108,青い森鉄道線,アオイモリテツドウセン,青い森鉄道線,,
388,99207,109,三陸鉄道北リアス線,サンリクテツドウキタリアスセン,三陸鉄道北リアス線,,
389,99208,109,三陸鉄道南リアス線,サンリクテツドウミナミリアスセン,三陸鉄道南リアス線,,
390,99209,110,秋田内陸線,アキタナイリクセン,秋田内陸縦貫鉄道秋田内陸線,,
391,99210,111,鳥海山ろく線,チョウカイサンロクセン,由利高原鉄道鳥海山ろく線,,
392,99211,112,フラワー長井線,ヤマガタテツドウフラワーナガイセン,山形鉄道フラワー長井線,,
393,99212,113,くりはら田園鉄道線,クリハラデンエンテツドウセン,くりはら田園鉄道線,,
394,99213,114,阿武隈急行線,アブクマキュウコウセン,阿武隈急行線,,
395,99214,115,仙台市営地下鉄南北線,センダイシエイチカテツナンボクセン,仙台市営地下鉄南北線,,
396,99218,115,仙台市営地下鉄東西線,センダイシエイチカテツトウザイセン,仙台市営地下鉄東西線,,
397,99215,116,福島交通飯坂線,フクシマシエイコウツウイイザカセン,福島交通飯坂線,,
398,99216,117,会津鉄道会津線,アイヅテツドウアイヅセン,会津鉄道会津線,,
399,99217,118,仙台空港線,センダイクウコウセン,仙台空港鉄道仙台空港線,,
400,99301,119,都営大江戸線,トエイオオエドセン,都営大江戸線,,
401,99302,119,都営浅草線,トエイアサクサセン,都営浅草線,,
402,99303,119,都営三田線,トエイミタセン,都営三田線,,
403,99304,119,都営新宿線,トエイシンジュクセン,都営新宿線,,
404,99305,119,都電荒川線,トデンアラカワセン,都営都電荒川線,,
405,99342,119,日暮里・舎人ライナー,ニッポリ・トネリライナー,日暮里・舎人ライナー,,
406,99306,120,秩父鉄道秩父本線,チチブテツドウチチブホンセン,秩父鉄道秩父本線,,
407,99307,121,埼玉高速鉄道線,サイタマコウソクテツドウセン,埼玉高速鉄道線,,
408,99308,122,いすみ線,イスミセン,いすみ鉄道いすみ線,,
409,99309,123,つくばエクスプレス,ツクバエクスプレス,首都圏新都市鉄道つくばエクスプレス,,
410,99310,124,みなとみらい線,ミナトミライセン,みなとみらい21線,,
411,99311,125,ゆりかもめ,ユリカモメ,ゆりかもめ東京臨海新交通臨海線,,
412,99312,126,わたらせ渓谷線,ワタラセケイコクセン,わたらせ渓谷鐵道わたらせ渓谷線,,
413,99313,127,ユーカリが丘線,ユーガリガオカセン,山万ユーカリが丘線,,
414,99314,128,伊豆箱根鉄道大雄山線,イズハコネテツドウダイユウザンセン,伊豆箱根鉄道大雄山線,,
415,99315,129,ひたちなか海浜鉄道湊線,ヒタチナカカイヒンテツドウミナトセン,ひたちなか海浜鉄道湊線,,
416,99316,130,ブルーライン,ブルーライン,横浜市高速鉄道1号線・3号線,,
417,99343,130,グリーンライン,グリーンライン,横浜市高速鉄道4号線,,
418,99317,131,金沢シーサイドライン,カナザワシーサイドライン,横浜新都市交通金沢シーサイドライン,,
419,99318,132,関東鉄道常総線,カントウテツドウジョウソウセン,関東鉄道常総線,,
420,99319,132,関東鉄道竜ヶ崎線,カントウテツドウリュウガサキセン,関東鉄道竜ヶ崎線,,
421,99320,133,江ノ島電鉄線,エノシマデンテツセン,江ノ島電鉄線,,
422,99321,134,ニューシャトル,ニューシャトル,埼玉新都市交通伊奈線,,
423,99322,135,鹿島鉄道線,カシマテツドウセン,鹿島鉄道線,,
424,99323,136,鹿島臨海鉄道大洗鹿島線,カシマリンカイテツドウオオアライカシマセン,鹿島臨海鉄道大洗鹿島線,,
425,99324,137,芝山鉄道線,シバヤマテツドウセン,芝山鉄道線,,
426,99325,138,小湊鉄道線,コミナトテツドウセン,小湊鉄道線,,
427,99326,139,湘南モノレール,ショウナンモノレール,湘南モノレール,,
428,99327,140,上信電鉄,ジョウシンデンテツ,上信電鉄,,
429,99328,141,上毛電気鉄道上毛線,ジョウモウデンキテツドウジョウモウセン,上毛電気鉄道上毛線,,
430,99329,142,新京成線,シンケイセイセン,新京成電鉄新京成線,,
431,99330,143,真岡鐵道真岡線,モオカテツドウモオカセン,真岡鐵道真岡線,,
432,99331,144,千葉都市モノレール１号線,チバトシモノレールイチゴウセン,千葉都市モノレール１号線,,
433,99332,144,千葉都市モノレール２号線,チバトシモノレールニゴウセン,千葉都市モノレール２号線,,
434,99333,145,流鉄流山線,リュウテツナガレヤマセン,流鉄流山線,,
435,99334,146,多摩モノレール,タマモノレール,多摩都市モノレール線,,
436,99335,147,銚子電鉄線,チョウシデンテツセン,銚子電気鉄道線,,
437,99336,148,東京モノレール,トウキョウモノレール,東京モノレール羽田空港線,,
438,99337,149,りんかい線,リンカイセン,東京臨海高速鉄道りんかい線,,
439,99338,150,東葉高速線,トウヨウコウソクセン,東葉高速鉄道東葉高速線,,
440,99339,151,箱根登山鉄道鉄道線,ハコネトザンテツドウテツドウセン,箱根登山鉄道鉄道線,,
441,99340,152,北総鉄道北総線,ホクソウテツドウホクソウセン,北総鉄道北総線,,
442,99341,153,ほっとスパ・ライン,ホットスパライン,野岩鉄道会津鬼怒川線,,
443,99344,151,箱根登山ケーブルカー,ハコネトザンケーブルカー,箱根登山鉄道鋼索線,,
444,99401,154,富士急行線,フジキュウコウセン,富士急行線,,
445,99402,155,北越急行ほくほく線,ホクエツキュウコウホクホクセン,北越急行ほくほく線,,
446,99403,156,しなの鉄道線,シナノテツドウセン,しなの鉄道線,,
447,99427,156,北しなの線,キタシナノセン,北しなの線,,
448,99404,157,上田電鉄別所線,ウエダデンテツベッショセン,上田電鉄別所線,,
449,99405,158,長野電鉄長野線,ナガノデンテツナガノセン,長野電鉄長野線,,
450,99406,158,長野電鉄屋代線,ナガノデンテツヤシロセン,長野電鉄屋代線,,
451,99407,159,上高地線,カミコウチセン,アルピコ交通上高地線,,
452,99408,160,富山地鉄本線,トヤマチテツホンセン,富山地鉄本線,,
453,99409,160,富山地鉄立山線,トヤマチテツタテヤマセン,富山地鉄立山線,,
454,99410,160,富山地鉄不二越・上滝線,トヤマチテツフジコシ・カミダキセン,富山地鉄不二越・上滝線,,
455,99411,161,神岡鉄道神岡線,カミオカテツドウカミオカセン,神岡鉄道神岡線,,
456,99412,162,黒部峡谷鉄道本線,クロベキョウコクテツドウホンセン,黒部峡谷鉄道本線,,
457,99413,160,富山地鉄市内線【１・２系統】,トヤマチテツシナイセン,富山地鉄市内線,,
458,99422,160,富山地鉄富山都心線【３系統(環状線)】,トヤマチテツトヤマトシンセン,富山地鉄富山都心線,,
459,99414,163,万葉線,マンヨウセン,万葉線,,
460,99415,164,富山ライトレール,トヤマライトレール,富山ライトレール,,
461,99416,165,北陸鉄道石川線,ホクリクテツドウイシカワセン,北陸鉄道石川線,,
462,99417,165,北陸鉄道浅野川線,ホクリクテツドウアサノガワセン,北陸鉄道浅野川線,,
463,99423,244,日本海ひすいライン,ニホンカイヒスイライン,日本海ひすいライン,,
464,99424,244,妙高はねうまライン,ミョウコウハネウマライン,妙高はねうまライン,,
465,99425,245,あいの風とやま鉄道線,アイノカゼトヤマテツドウセン,あいの風とやま鉄道線,,
466,99426,246,IRいしかわ鉄道線,アイアールイシカワテツドウセン,IRいしかわ鉄道株式会社,,
467,99418,166,のと鉄道七尾線,ノトテツドウナナオセン,のと鉄道七尾線,,
468,99419,167,えちぜん鉄道勝山永平寺線,エチゼンテツドウカツヤマエイヘイジセン,えちぜん鉄道勝山永平寺線,,
469,99420,167,えちぜん鉄道三国芦原線,エチゼンテツドウミクニアワラセン,えちぜん鉄道三国芦原線,,
470,99421,168,福井鉄道福武線,フクイテツドウフクブセン,福井鉄道福武線,,
471,99501,169,伊豆急行線,イズキュウコウセン,伊豆急行線,,
472,99502,128,伊豆箱根鉄道駿豆線,イズハコネテツドウスンズセン,伊豆箱根鉄道駿豆線,,
473,99503,170,岳南鉄道線,ガクナンテツドウセン,岳南鉄道線,,
474,99504,171,静岡鉄道静岡清水線,シズオカテツドウシズオカシミズセン,静岡鉄道静岡清水線,,
475,99505,172,天竜浜名湖線,テンリュウハマナコセン,天竜浜名湖鉄道天竜浜名湖線,,
476,99506,173,遠州鉄道鉄道線,エンシュウテツドウテツドウセン,遠州鉄道鉄道線,,
477,99507,174,大井川鐵道大井川本線,オオイガワテツドウオオイガワホンセン,大井川鐵道大井川本線,,
478,99508,174,南アルプスあぷとライン,ミナミアルプスアプトライン,大井川鐵道井川線,,
479,99509,175,あおなみ線,アオナミセン,西名古屋港線,,
480,99510,176,東海交通事業城北線,トウカイコウツウジギョウジョウホクセン,東海交通事業城北線,,
481,99511,177,愛知環状鉄道線,アイチカンジョウテツドウセン,愛知環状鉄道線,,
482,99512,178,リニモ,リニモ,東部丘陵線,,
483,99513,179,名古屋市営地下鉄東山線,ナゴヤシエイチカテツヒガシヤマセン,名古屋市営地下鉄東山線,FFCC00,菜種色
484,99514,179,名古屋市営地下鉄名城線,ナゴヤシエイチカテツメイジョウセン,名古屋市営地下鉄名城線,9B74C1,藤色
485,99515,179,名古屋市営地下鉄名港線,ナゴヤシエイチカテツメイコウセン,名古屋市営地下鉄名港線,9B74C1,藤色
486,99516,179,名古屋市営地下鉄鶴舞線,ナゴヤシエイチカテツツルマイセン,名古屋市営地下鉄鶴舞線,04ACDD,水色
487,99517,179,名古屋市営地下鉄桜通線,ナゴヤシエイチカテツサクラドオリセン,名古屋市営地下鉄桜通線,FF0000,赤
488,99518,179,名古屋市営地下鉄上飯田線,ナゴヤシエイチカテツカミイイダセン,名古屋市営地下鉄上飯田線,FF66C4,桃色
489,99519,180,ピーチライナー,ピーチライナー,桃花台新交通,,
490,99520,181,豊橋鉄道渥美線,トヨハシテツドウアツミセン,豊橋鉄道渥美線,,
491,99521,181,豊橋鉄道東田本線,トヨハシテツドウアヅマダホンセン,豊橋鉄道東田本線,,
492,99522,181,豊橋鉄道運動公園前線,トヨハシテツドウウンドウコウエンマエセン,豊橋鉄道運動公園前線,,
493,99523,182,ゆとりーとライン,ユトリートライン,ガイドウェイバス志段味線,,
494,99524,183,明知鉄道明知線,アケチテツドウアケチセン,明知鉄道明知線,,
495,99525,184,長良川鉄道越美南線,ナガラガワテツドウエツミナンセン,長良川鉄道越美南線,,
496,99526,185,樽見鉄道樽見線,タルミテツドウタルミセン,樽見鉄道樽見線,,
497,99528,186,三岐鉄道三岐線,サンギテツドウサンギセン,三岐鉄道三岐線,,
498,99529,186,三岐鉄道北勢線,サンギテツドウホクセイセン,三岐鉄道北勢線,,
499,99530,187,伊勢鉄道伊勢線,イセテツドウイセン,伊勢鉄道伊勢線,,
500,99531,188,伊賀鉄道伊賀線,イガテツドウイガセン,伊賀鉄道伊賀線,,
501,99532,189,養老鉄道養老線,ヨウロウテツドウヨウロウセン,養老鉄道養老線,,
502,99601,190,近江鉄道本線,オウミテツドウホンセン,近江鉄道本線,,
503,99602,190,近江鉄道多賀線,オウミテツドウタガセン,近江鉄道多賀線,,
504,99603,190,近江鉄道八日市線,オウミテツドウヨウカイチセン,近江鉄道八日市線,,
505,99604,191,信楽高原鐵道信楽線,シガラキコウゲンテツドウシガラキセン,信楽高原鐵道信楽線,,
506,99605,192,嵯峨野観光線,サガノカンコウセン,嵯峨野観光線,,
507,99606,193,叡山電鉄叡山本線,エイザンデンテツエイザンホンセン,叡山電鉄叡山本線,,
508,99607,193,叡山電鉄鞍馬線,エイザンデンテツクラマセン,叡山電鉄鞍馬線,,
509,99608,194,宮福線,ミヤフクセン,宮福線,,
510,99609,194,宮豊線,ミヤトヨセン,宮豊線,,
511,99653,194,宮舞線,ミヤマイセン,宮舞線,,
512,99610,195,京都市営地下鉄烏丸線,キョウトシエイチカテツカラスマセン,京都市営地下鉄烏丸線,,
513,99611,195,京都市営地下鉄東西線,キョウトシエイチカテツトウザイセン,京都市営地下鉄東西線,,
514,99612,196,京福電鉄嵐山本線,ケイフクデンテツアラシヤマホンセン,京福電鉄嵐山本線,,
515,99613,196,京福電鉄北野線,ケイフクデンテツキタノセン,京福電鉄北野線,,
516,99614,197,北大阪急行電鉄,キタオオサカキュウコウデンテツ,北大阪急行電鉄,,
517,99616,198,泉北高速鉄道線,センボクコウソクテツドウセン,泉北高速鉄道線,,
518,99617,199,水間鉄道水間線,ミズマテツドウミズマセン,水間鉄道水間線,,
519,99618,200,大阪市営地下鉄御堂筋線,オオサカシエイチカテツミドウスジセン,大阪市営地下鉄御堂筋線,e5171f,臙脂
520,99619,200,大阪市営地下鉄谷町線,タオオサカシエイチカテツニマチセン,大阪市営地下鉄谷町線,522886,京紫
521,99620,200,大阪市営地下鉄四つ橋線,オオサカシエイチカテツヨツバシセン,大阪市営地下鉄四つ橋線,0078ba,縹
522,99621,200,大阪市営地下鉄中央線,オオサカシエイチカテツチュウオウセン,大阪市営地下鉄中央線,019a66,緑
523,99622,200,大阪市営地下鉄千日前線,オオサカシエイチカテツセンニチマエセン,大阪市営地下鉄千日前線,e44d93,紅梅
524,99623,200,大阪市営地下鉄堺筋線,オオサカシエイチカテツサカエスジセン,大阪市営地下鉄堺筋線,814721,マルーン
525,99624,200,大阪市営地下鉄長堀鶴見緑地線,オオサカシエイチカテツナガホリツルミリョクチセン,大阪市営地下鉄長堀鶴見緑地線,a9cc51,萌黄
526,99652,200,大阪市営地下鉄今里筋線,オオサカシエイチカテツイマザトスジセン,大阪市営地下鉄今里筋線,ee7b1a,柑子
527,99625,200,ニュートラム,ニュートラム,大阪市中量軌道南港ポートタウン線,00a0de,セルリアンブルー
528,99626,201,大阪モノレール線,オオサカモノレールセン,大阪モノレール線,5058C3,青
529,99627,201,大阪モノレール彩都線,オオサカモノレールサイトセン,国際文化公園都市線,5058C3,青
530,99628,202,阪堺電軌上町線,ハンカイデンキウエマチセン,阪堺電軌上町線,83388,紺
531,99629,202,阪堺電軌阪堺線,ハンカイデンキハンカイセン,阪堺電軌阪堺線,8947,緑
532,99630,203,神戸高速東西線,コウベコウソクトウザイセン,神戸高速東西線,2560A8,青
533,99631,203,神戸高速南北線,コウベコウソクナンボクセン,神戸高速南北線,2560A8,青
534,99632,204,有馬線,アリマセン,神鉄有馬線,D53924,朱
535,99633,204,三田線,サンダセン,神鉄三田線,D53924,朱
536,99634,204,公園都市線,コウエントシセン,神鉄公園都市線,D53924,朱
537,99635,204,粟生線,アオセン,神鉄粟生線,D53924,朱
538,99636,205,北神急行北神線,ホクシンキュウコウホクシンセン,北神急行電鉄北神線,D59A00,ゴールド
539,99637,206,山陽電鉄本線,サンヨウデンテツホンセン,山陽電鉄本線,F45757,赤
540,99638,206,山陽電鉄網干線,サンヨウデンテツアボシセン,山陽電鉄網干線,F45757,赤
541,99615,207,能勢電鉄妙見線,ノセデンテツミョウケンセン,能勢電鉄妙見線,,
542,99640,207,能勢電鉄日生線,ノセデンテツニッセイセン,能勢電鉄日生線,B72142,あずき
543,99642,208,三木鉄道三木線,ミキテツドウミキセン,三木鉄道三木線,009CFF,水色
544,99643,209,北条鉄道北条線,ホウジョウテツドウホウジョウセン,北条鉄道北条線,7564D3,青紫
545,99644,210,智頭急行智頭線,チズキュウコウチズセン,智頭急行智頭線,99,紺
546,99645,211,神戸市営地下鉄西神線,コウベシエイチカテツセイシンセン,神戸市営地下鉄西神線,01AF98,緑
547,99646,211,神戸市営地下鉄山手線,コウベシエイチカテツヤマテセン,神戸市営地下鉄山手線,01AF98,緑
548,99647,211,夢かもめ,ユメカモメ,神戸市営地下鉄海岸線,0388C0,青
549,99648,212,ポートライナー,ポートライナー,神戸新交通ポートアイランド線,FAA11C,オレンジ
550,99649,212,六甲ライナー,ロッコウライナー,神戸新交通六甲アイランド線,1FCB9F,エメラルド
551,99650,213,紀州鉄道線,キシュウテツドウセン,紀州鉄道線,81042,紺
552,99651,214,貴志川線,キシガワセン,和歌山電鐵貴志川線,DA381B,赤
553,99701,215,若桜線,ワカサセン,若桜鉄道若桜線,,
554,99702,216,北松江線,キタマツエセン,一畑電車北松江線,,
555,99703,216,大社線,タイシャセン,一畑電車大社線,,
556,99704,217,水島本線,ミズシマホンセン,水島臨海鉄道水島本線,,
557,99705,218,井原線,イバラセン,井原鉄道井原線,,
558,99706,219,東山線,ヒガシヤマセン,岡山電軌東山本線,,
559,99707,219,清輝橋線,セイキバシセン,岡山電軌清輝橋線,,
560,99708,220,スカイレールみどり坂線,スカイレールミドリザカセン,広島短距離交通瀬野線,,
561,99709,221,アストラムライン,アストラムライン,広島高速交通広島新交通1号線,,
562,99710,222,広電１号線(宇品線),ヒロデンイチゴウセン,広電１号線(宇品線),,
563,99711,222,広電２号線(宮島線),ヒロデンニゴウセン,広電２号線(宮島線),,
564,99712,222,広電３号線,ヒロデンサンゴウセン,広電３号線,,
565,99713,222,広電５号線(皆実線),ヒロデンゴゴウセン,広電５号線(皆実線),,
566,99714,222,広電６号線(江波線),ヒロデンロクゴウセン,広電６号線(江波線),,
567,99715,222,広電７号線,ヒロデンナナゴウセン,広電７号線,,
568,99716,222,広電８号線(横川線),ヒロデンハチゴウセン,広電８号線(横川線),,
569,99717,222,広電９号線(白島線),ヒロデンキュウゴウセン,広電９号線(白島線),,
570,99718,223,錦川清流線,ニシキガワセイリュウセン,錦川鉄道錦川清流線,,
571,99801,224,阿波室戸シーサイドライン,アサムロトシーサイドライン,阿佐海岸鉄道阿佐東線,,
572,99802,225,琴電琴平線,コトデンコトヒラセン,琴電琴平線,,
573,99803,225,琴電長尾線,コトデンナガオセン,琴電長尾線,,
574,99804,225,琴電志度線,コトデンシドセン,琴電志度線,,
575,99805,226,伊予鉄道郡中線,イヨテツドウグンチュウセン,伊予鉄道郡中線,,
576,99806,226,伊予鉄道高浜線,イヨテツドウタカハマセン,伊予鉄道高浜線,,
577,99807,226,伊予鉄道横河原線,イヨテツドウヨコガワラセン,伊予鉄道横河原線,,
578,99808,226,伊予鉄道環状線,イヨテツドウカンジョウセン,伊予鉄道１系統,,
579,99809,226,伊予鉄道環状線,イヨテツドウカンジョウセン,伊予鉄道２系統,,
580,99810,226,伊予鉄道市駅線,イヨテツドウシエキセン,伊予鉄道３系統,,
581,99811,226,伊予鉄道松山駅前線,イヨテツドウマツヤマエキマエセン,伊予鉄道５系統,,
582,99812,226,伊予鉄道本町線,イヨテツドウホンマチセン,伊予鉄道６系統,,
583,99814,227,中村線,ナカムラセン,土佐くろしお鉄道中村線,,
584,99815,227,宿毛線,スクモセン,土佐くろしお鉄道宿毛線,,
585,99816,227,ごめん・なはり線,ゴメン・ナハリセン,土佐くろしお鉄道ごめん・なはり線,,
586,99817,228,ごめん線,ゴメンセン,土佐電鉄ごめん線,,
587,99818,228,伊野線,イノセン,土佐電鉄伊野線,,
588,99819,228,桟橋線,サンバシセン,土佐電鉄桟橋線,,
589,99901,229,甘木鉄道,アマギテツドウ,甘木鉄道,,
590,99902,230,伊田線,イダセン,平成筑豊鉄道伊田線,,
591,99903,230,糸田線,イトダセン,平成筑豊鉄道糸田線,,
592,99904,230,田川線,タガワセン,平成筑豊鉄道田川線,,
593,99928,230,門司港レトロ観光線,モジコウレトロカンコウセン,平成筑豊鉄道門司港レトロ観光線,,
594,99905,231,福岡市営地下鉄空港線,フクオカシエイチカテツクウコウセン,福岡市営地下鉄空港線,,
595,99906,231,福岡市営地下鉄箱崎線,フクオカシエイチカテツハコザキセン,福岡市営地下鉄箱崎線,,
596,99907,231,福岡市営地下鉄七隈線,フクオカシエイチカテツナナクマセン,福岡市営地下鉄七隈線,,
597,99908,232,北九州モノレール,キタキュウシュウモノレール,北九州高速鉄道,,
598,99909,233,筑豊電気鉄道線,チクホウデンキテツドウセン,筑豊電気鉄道線,,
599,99910,234,西九州線(有田〜伊万里),ニシキュウシュウセン,松浦鉄道西九州線(有田〜伊万里),,
600,99911,234,西九州線(伊万里〜佐世保),ニシキュウシュウセン,松浦鉄道西九州線(伊万里〜佐世保),,
601,99912,235,島原鉄道線,シマバラテツドウセン,島原鉄道線,,
602,99913,236,長崎電軌１系統,ナガサキデンキイチゴウケイトウ,長崎電軌１系統,,
603,99914,236,長崎電軌３系統,ナガサキデンキサンゴウケイトウ,長崎電軌３系統,,
604,99915,236,長崎電軌４系統,ナガサキデンキヨンゴウケイトウ,長崎電軌４系統,,
605,99916,236,長崎電軌５系統,ナガサキデンキゴゴウケイトウ,長崎電軌５系統,,
606,99917,237,熊本電鉄本線,クマモトデンテツホンセン,熊本電鉄本線,,
607,99918,237,熊本電鉄上熊本線,クマモトデンテツカミクマモトセン,熊本電鉄上熊本線,,
608,99919,238,高森線,タカモリセン,南阿蘇鉄道高森線,,
609,99920,239,湯前線,ユノマエセン,くま川鉄道湯前線,,
610,99921,240,肥薩おれんじ鉄道線,ヒサツオレンジテツドウセン,肥薩おれんじ鉄道線,,
611,99922,241,熊本市電Ａ系統,クマモトシデンエーライン,熊本市電Ａ系統,,
612,99923,241,熊本市電Ｂ系統,クマモトシデンビーライン,熊本市電Ｂ系統,,
613,99925,242,鹿児島市電１系統,カゴシマシデンイチケイトウ,鹿児島市電１系統,,
614,99926,242,鹿児島市電２系統,カゴシマシデンニケイトウ,鹿児島市電２系統,,
615,99927,243,ゆいレール,ユイレール,沖縄都市モノレール線,,
